gross_weight,empty_weight,registered_weight,regulation_weight,height,width,truck_length,front_overhang,rear_overhang,left_overhang,right_overhang,diagram
37423,24206,26919,47925,45,13,44,5,12,7,10,Pivots: 1 Axles: 3
29441,26679,29122,37802,25,13,44,20,15,3,14,Pivots: 2 Axles: 5
23451,15921,25489,26232,49,17,73,17,9,17,18,Pivots: 2 Axles: 5
48261,26669,25623,29023,40,14,56,8,3,8,3,Pivots: 2 Axles: 4
24076,21280,17955,37727,30,21,49,17,6,18,18,Pivots: 0 Axles: 4
32096,20936,17507,16674,48,25,41,4,20,7,9,Pivots: 2 Axles: 5
35687,22568,22872,41464,41,14,78,14,6,12,18,Pivots: 0 Axles: 5
25022,27333,25212,46679,23,19,59,4,6,4,18,Pivots: 2 Axles: 5
31687,19432,22367,23640,31,12,61,16,7,15,19,Pivots: 0 Axles: 5
22679,27049,15542,28592,18,21,49,0,17,2,13,Pivots: 2 Axles: 3
46853,23587,20308,42966,47,30,68,12,14,9,17,Pivots: 1 Axles: 5
22068,16262,21235,20724,31,16,82,1,10,10,6,Pivots: 2 Axles: 3
38279,15478,22784,34546,50,30,72,8,1,11,5,Pivots: 1 Axles: 3
40274,15663,29824,36424,33,30,67,4,15,18,12,Pivots: 2 Axles: 4
47980,27290,24654,27432,27,17,80,6,14,10,0,Pivots: 2 Axles: 4
25643,22852,18002,29275,19,30,57,19,16,11,12,Pivots: 2 Axles: 3
20165,20501,21687,23240,41,22,75,3,0,9,1,Pivots: 2 Axles: 5
37609,17710,22493,42171,16,12,54,15,9,9,19,Pivots: 2 Axles: 4
24263,28079,22144,39951,43,23,83,7,0,14,6,Pivots: 0 Axles: 5
26772,20833,17127,35421,39,21,31,7,11,16,11,Pivots: 0 Axles: 5
33085,19920,18853,28480,25,29,85,11,15,2,3,Pivots: 0 Axles: 5
49931,23371,16667,26335,48,13,71,15,10,14,11,Pivots: 0 Axles: 3
39722,28420,20007,31642,35,24,86,16,7,16,10,Pivots: 0 Axles: 5
40346,23176,15399,24284,50,27,68,1,5,3,14,Pivots: 1 Axles: 5
49189,19331,15686,27714,18,16,37,12,5,1,13,Pivots: 2 Axles: 5
47223,15411,25177,17571,36,19,88,10,13,3,11,Pivots: 2 Axles: 3
31133,19147,24762,48065,35,16,54,3,18,2,5,Pivots: 0 Axles: 4
29654,15060,16043,16992,15,21,61,4,12,11,10,Pivots: 2 Axles: 5
43898,28303,15538,25525,42,23,41,8,20,16,14,Pivots: 2 Axles: 5
35318,19578,20226,34112,50,21,74,10,0,3,11,Pivots: 2 Axles: 5
45500,21411,19616,35744,24,20,46,13,6,5,1,Pivots: 0 Axles: 5
21311,25740,29437,48413,46,27,85,2,11,1,19,Pivots: 2 Axles: 3
40021,27227,17022,23185,29,28,85,5,1,7,18,Pivots: 1 Axles: 5
40564,19420,19233,16041,22,29,72,8,14,5,18,Pivots: 2 Axles: 3
22000,19999,26980,33496,14,22,60,4,1,11,18,Pivots: 2 Axles: 3
28394,22972,20038,36256,29,29,52,8,12,4,7,Pivots: 0 Axles: 3
35224,17662,15539,47735,32,25,41,1,20,14,0,Pivots: 0 Axles: 5
29354,18881,20301,43519,27,29,65,15,5,20,12,Pivots: 0 Axles: 5
34277,27188,17888,33150,19,28,37,19,15,5,2,Pivots: 1 Axles: 4
32616,24433,21106,46956,17,12,75,3,18,3,11,Pivots: 0 Axles: 5
40396,17960,27946,28951,32,13,75,0,6,14,10,Pivots: 1 Axles: 5
46494,20789,23851,22896,19,30,65,2,0,6,5,Pivots: 1 Axles: 5
39222,29344,21557,21467,27,23,86,18,8,13,18,Pivots: 2 Axles: 4
36980,17245,29069,19493,14,28,72,20,17,3,1,Pivots: 2 Axles: 4
35932,16769,20067,47129,50,28,77,1,14,8,12,Pivots: 2 Axles: 5
39119,24476,17210,19826,42,19,50,14,10,2,20,Pivots: 2 Axles: 3
28147,18040,23066,40238,46,18,48,16,15,7,11,Pivots: 2 Axles: 5
22736,22972,24787,39494,33,23,54,9,0,14,7,Pivots: 2 Axles: 4
25029,21867,24913,23610,29,30,81,2,8,3,16,Pivots: 0 Axles: 5
43424,15084,21221,35562,50,29,84,14,19,10,8,Pivots: 2 Axles: 4
32192,28121,24744,29883,27,16,49,15,4,5,18,Pivots: 1 Axles: 5
26493,28393,23859,16372,47,14,31,10,17,3,10,Pivots: 2 Axles: 5
30340,22659,19585,22094,40,28,39,20,11,16,6,Pivots: 2 Axles: 4
43877,26799,20984,20443,39,18,61,16,1,8,5,Pivots: 2 Axles: 5
39460,23010,23186,29922,42,29,51,3,7,17,3,Pivots: 1 Axles: 5
21986,16843,16392,20722,13,25,86,18,20,8,16,Pivots: 2 Axles: 5
29540,19431,25213,19487,15,14,73,2,10,16,4,Pivots: 1 Axles: 5
43127,24694,25036,22382,12,27,81,9,15,5,4,Pivots: 2 Axles: 4
31427,20665,25585,29475,44,22,34,0,3,0,13,Pivots: 2 Axles: 5
45643,25830,17994,16510,33,20,34,16,11,17,2,Pivots: 2 Axles: 5
43851,24425,25730,30519,42,19,37,19,19,20,1,Pivots: 2 Axles: 4
46965,24654,22608,26682,15,24,69,12,0,10,11,Pivots: 1 Axles: 5
45082,25625,19679,29060,16,24,78,7,12,11,4,Pivots: 0 Axles: 4
30185,26299,21007,29816,22,19,69,11,12,3,12,Pivots: 0 Axles: 4
22577,24414,18985,36516,45,24,88,1,8,8,4,Pivots: 2 Axles: 5
30271,25782,21028,48959,28,25,32,2,18,20,1,Pivots: 2 Axles: 4
36456,20596,17190,25332,45,17,58,1,0,5,12,Pivots: 1 Axles: 5
35242,15673,21030,21615,50,19,56,1,14,20,10,Pivots: 1 Axles: 3
41396,18098,25431,26643,26,28,43,11,11,16,18,Pivots: 2 Axles: 3
34979,28507,19927,21978,44,29,75,18,17,19,20,Pivots: 2 Axles: 3
22050,27856,21254,41568,25,23,47,16,6,14,20,Pivots: 2 Axles: 5
29482,20140,16404,15398,32,25,48,5,14,0,18,Pivots: 0 Axles: 3
40027,17552,20415,16188,12,26,80,0,8,10,10,Pivots: 1 Axles: 3
42742,28665,15345,37530,35,23,30,5,1,0,4,Pivots: 0 Axles: 5
34082,23935,23281,25276,33,23,85,17,5,11,19,Pivots: 2 Axles: 5
20282,28636,25758,25350,19,25,57,15,12,13,11,Pivots: 1 Axles: 5
41226,22769,29115,16351,45,24,80,8,13,19,2,Pivots: 2 Axles: 4
37661,24880,29525,42705,30,17,43,18,19,4,14,Pivots: 2 Axles: 5
37437,15672,25202,39825,36,28,32,5,14,19,12,Pivots: 1 Axles: 3
46667,22462,15057,16341,22,15,54,17,5,2,10,Pivots: 1 Axles: 3
38290,25638,24841,18900,29,12,44,10,4,19,4,Pivots: 2 Axles: 4
28260,19355,28730,36839,18,21,86,3,7,18,5,Pivots: 1 Axles: 5
23104,27177,23449,45293,15,16,89,6,16,15,9,Pivots: 2 Axles: 5
30152,28419,19235,28973,21,29,50,8,0,7,15,Pivots: 1 Axles: 4
43135,23572,29087,18471,15,25,85,9,9,2,5,Pivots: 1 Axles: 5
30251,23851,19206,46019,29,12,51,8,19,2,5,Pivots: 2 Axles: 5
46036,23182,27407,42413,15,14,70,9,5,20,5,Pivots: 2 Axles: 4
21581,21268,15435,47584,44,29,88,7,14,18,6,Pivots: 2 Axles: 4
43699,16188,24386,28515,36,25,43,13,13,14,3,Pivots: 2 Axles: 3
38367,29597,20826,40128,18,15,69,13,4,14,2,Pivots: 1 Axles: 5
40537,22854,16009,35399,30,26,63,12,11,5,19,Pivots: 2 Axles: 5
29796,21958,15757,40475,16,27,41,7,16,19,11,Pivots: 1 Axles: 3
26283,19918,27848,43216,34,28,74,8,0,7,5,Pivots: 2 Axles: 4
23979,20612,23858,17127,37,17,68,3,3,20,14,Pivots: 2 Axles: 5
42691,27866,20261,36486,31,17,44,5,19,5,13,Pivots: 2 Axles: 5
24532,26038,18910,18853,21,22,85,3,1,6,4,Pivots: 0 Axles: 3
46682,27208,26547,37565,14,21,31,17,10,9,19,Pivots: 2 Axles: 3
21303,15692,29856,16407,16,22,79,6,17,5,6,Pivots: 2 Axles: 4
23015,29749,28201,44347,27,24,55,3,7,6,4,Pivots: 2 Axles: 5
26152,18988,22107,30938,33,17,80,12,3,3,14,Pivots: 0 Axles: 5
20778,25254,28875,46473,47,21,85,19,10,5,5,Pivots: 2 Axles: 3
47897,20913,16700,46221,21,25,34,5,3,11,14,Pivots: 1 Axles: 5
24789,20684,25699,25633,45,14,34,11,9,15,7,Pivots: 2 Axles: 4
46469,18095,26069,16568,43,30,87,7,8,4,8,Pivots: 2 Axles: 4
20403,17020,15087,16223,47,12,35,12,6,0,19,Pivots: 1 Axles: 3
40361,22865,18298,49166,23,20,51,7,11,14,2,Pivots: 0 Axles: 3
44108,23465,25386,30413,27,20,46,0,16,0,12,Pivots: 2 Axles: 3
35758,17754,17144,23406,20,22,68,13,16,11,7,Pivots: 1 Axles: 4
35235,16993,23643,39592,48,12,60,10,15,13,3,Pivots: 2 Axles: 5
35155,20377,15107,37290,12,14,45,15,6,15,17,Pivots: 0 Axles: 5
24654,22795,24763,31825,20,14,68,13,15,6,4,Pivots: 1 Axles: 3
47104,20719,29919,21239,32,19,52,4,1,9,9,Pivots: 0 Axles: 4
32785,26385,24852,36968,34,28,32,12,20,9,6,Pivots: 2 Axles: 4
32457,19755,23113,15474,34,19,32,1,6,0,20,Pivots: 2 Axles: 3
49347,26883,27522,44986,38,22,58,13,5,2,4,Pivots: 0 Axles: 5
25745,28381,16804,28212,40,28,60,16,4,3,12,Pivots: 2 Axles: 5
33097,15493,26047,34128,19,15,49,20,0,3,9,Pivots: 0 Axles: 3
23128,24949,22424,31937,44,16,51,11,20,4,2,Pivots: 2 Axles: 5
28246,29434,18317,35409,29,19,73,12,20,19,16,Pivots: 0 Axles: 3
44912,17193,26658,40604,40,20,39,7,14,5,16,Pivots: 2 Axles: 4
32929,22509,16746,44895,37,30,65,10,0,15,5,Pivots: 2 Axles: 5
45023,27410,28175,47080,12,25,57,11,13,19,18,Pivots: 1 Axles: 3
20947,20562,20638,35577,45,25,79,17,9,5,4,Pivots: 2 Axles: 4
41417,22463,16352,16403,30,23,49,14,14,7,18,Pivots: 1 Axles: 5
23307,25163,19179,19004,28,26,82,9,17,7,2,Pivots: 1 Axles: 5
39129,21740,18054,34311,45,16,47,2,17,14,20,Pivots: 2 Axles: 5
22641,23557,17220,31994,37,17,62,12,7,20,20,Pivots: 2 Axles: 4
30315,18953,26063,29049,16,21,60,0,4,19,5,Pivots: 1 Axles: 5
25047,15445,20931,16417,25,17,56,2,20,15,1,Pivots: 2 Axles: 5
28172,18792,21529,37313,13,20,57,6,13,15,10,Pivots: 1 Axles: 5
29618,27228,29586,45798,20,30,63,8,8,9,7,Pivots: 2 Axles: 3
42890,29132,16316,16147,17,22,77,7,6,9,12,Pivots: 2 Axles: 3
24523,25903,28828,45220,13,14,35,3,3,5,13,Pivots: 2 Axles: 5
33961,28350,15952,44948,41,13,76,8,16,17,18,Pivots: 0 Axles: 5
39998,17303,29489,41585,26,22,78,20,0,15,12,Pivots: 0 Axles: 5
26681,24854,15626,33704,13,13,57,18,18,5,11,Pivots: 2 Axles: 5
46394,29406,27330,46553,32,19,82,6,11,3,14,Pivots: 2 Axles: 4
23771,27741,16895,38124,25,26,85,4,2,11,17,Pivots: 1 Axles: 5
33762,29415,22108,43534,32,17,31,16,19,1,19,Pivots: 1 Axles: 5
46142,25896,24568,17134,34,14,34,14,3,10,8,Pivots: 2 Axles: 5
21644,27374,16190,43069,30,20,72,11,5,18,20,Pivots: 1 Axles: 3
41618,23538,29305,49644,37,13,45,19,9,3,17,Pivots: 0 Axles: 5
21794,21075,17025,29130,20,25,46,4,0,8,7,Pivots: 2 Axles: 5
37955,29047,22821,48677,40,25,60,15,1,20,3,Pivots: 2 Axles: 5
29205,27059,20878,33261,15,30,52,18,14,14,5,Pivots: 2 Axles: 5
31230,17440,18944,38141,38,20,65,1,4,2,19,Pivots: 1 Axles: 5
44523,26317,20395,35454,26,22,30,13,12,0,18,Pivots: 0 Axles: 5
40338,19231,23717,31184,17,25,76,0,3,15,1,Pivots: 2 Axles: 4
38256,16891,23197,30792,17,17,76,10,4,18,6,Pivots: 2 Axles: 3
31636,19226,24445,44984,15,16,74,0,14,13,11,Pivots: 2 Axles: 5
44190,28075,18755,35554,12,12,83,18,13,3,13,Pivots: 0 Axles: 4
44827,23428,16834,23359,45,15,74,8,15,11,7,Pivots: 0 Axles: 5
25604,16936,19915,39146,44,20,38,2,4,9,2,Pivots: 1 Axles: 3
32364,23540,17821,17016,37,17,82,13,2,12,19,Pivots: 1 Axles: 3
31992,29674,20539,38327,17,27,60,18,14,9,16,Pivots: 0 Axles: 4
20085,24586,19540,26030,25,17,81,10,5,1,15,Pivots: 1 Axles: 3
27210,27552,24573,38930,35,25,33,9,16,12,10,Pivots: 2 Axles: 3
33248,27593,23970,37620,29,14,74,8,16,12,0,Pivots: 0 Axles: 5
27818,17274,15908,16554,15,26,79,19,11,11,15,Pivots: 0 Axles: 4
24084,29263,21950,34649,32,28,81,16,12,12,14,Pivots: 0 Axles: 4
28869,22207,23740,16690,20,23,58,5,16,0,11,Pivots: 2 Axles: 3
33775,23248,24936,39601,34,12,80,16,7,20,7,Pivots: 2 Axles: 3
45958,29623,26928,46275,41,21,53,6,1,5,7,Pivots: 2 Axles: 5
37437,29627,23815,49266,13,14,58,20,5,15,11,Pivots: 2 Axles: 5
30467,19804,23270,28594,21,22,61,5,5,2,19,Pivots: 2 Axles: 4
32564,29162,26104,27001,19,19,75,14,7,16,3,Pivots: 1 Axles: 5
34233,28086,19841,47295,31,20,67,18,3,16,18,Pivots: 1 Axles: 5
26510,24478,27111,20535,35,13,64,7,20,8,17,Pivots: 2 Axles: 4
33306,20275,15527,37882,26,18,32,9,2,5,2,Pivots: 1 Axles: 3
23398,17230,20329,35321,21,20,52,6,2,14,6,Pivots: 2 Axles: 5
46709,25083,26131,17589,18,16,85,1,6,1,16,Pivots: 2 Axles: 5
41266,25184,25544,19221,42,14,73,17,4,15,1,Pivots: 2 Axles: 4
21430,17976,22636,27594,19,30,70,17,4,3,20,Pivots: 2 Axles: 5
22874,15542,29430,33203,46,28,67,14,16,10,17,Pivots: 2 Axles: 4
23547,16447,26159,48287,38,18,86,10,3,5,17,Pivots: 1 Axles: 3
46594,21679,21687,35315,42,17,51,13,7,11,1,Pivots: 2 Axles: 4
37995,27857,22484,25409,13,21,90,16,4,7,3,Pivots: 2 Axles: 5
25395,27978,15599,20984,19,15,38,16,2,2,11,Pivots: 1 Axles: 4
49289,20103,23928,35281,38,24,35,2,5,4,11,Pivots: 0 Axles: 3
22009,29392,26779,48235,29,18,50,10,10,20,20,Pivots: 0 Axles: 3
39848,21828,21978,36942,25,27,83,11,14,4,7,Pivots: 1 Axles: 5
45799,24068,20489,30169,42,15,46,7,1,2,6,Pivots: 2 Axles: 5
39499,28391,28470,19556,25,23,66,9,7,11,10,Pivots: 2 Axles: 5
21721,28480,21254,31081,22,28,33,12,18,19,15,Pivots: 0 Axles: 5
39795,21001,19689,29063,45,15,52,17,4,2,0,Pivots: 2 Axles: 4
26743,17255,16787,40844,49,18,88,9,5,14,9,Pivots: 1 Axles: 4
34085,22014,27901,22962,46,15,61,16,20,11,14,Pivots: 2 Axles: 5
28099,18198,18611,30112,35,25,80,20,3,16,13,Pivots: 0 Axles: 3
45603,28775,28027,19112,24,27,46,13,1,8,0,Pivots: 0 Axles: 4
35124,24710,23832,22959,21,16,71,8,0,17,0,Pivots: 2 Axles: 5
33941,27915,22806,20113,13,22,37,7,12,0,17,Pivots: 2 Axles: 4
45770,22614,18229,40470,16,15,75,1,8,19,9,Pivots: 2 Axles: 3
28203,20695,26978,46558,47,14,74,17,12,10,3,Pivots: 0 Axles: 3
39494,27221,15015,44320,15,14,64,15,8,20,14,Pivots: 2 Axles: 5
43315,23106,17893,26013,35,22,45,10,15,17,2,Pivots: 0 Axles: 5
49639,20964,27044,21223,47,28,90,11,16,4,2,Pivots: 0 Axles: 5
47041,16596,17068,46453,37,28,71,13,19,9,5,Pivots: 2 Axles: 3
37533,29963,15813,30562,38,27,66,2,11,2,7,Pivots: 0 Axles: 4
33549,27498,19254,34655,38,18,34,19,17,6,8,Pivots: 2 Axles: 3
22324,16218,19662,24953,18,23,53,0,7,9,10,Pivots: 2 Axles: 5
35758,23480,27867,49055,49,18,31,18,1,11,3,Pivots: 0 Axles: 4
44785,16892,26289,20997,31,20,44,4,10,5,13,Pivots: 0 Axles: 4
30354,26455,18294,15175,13,17,87,4,9,12,20,Pivots: 2 Axles: 5
32474,22200,29252,15655,16,24,38,15,4,10,4,Pivots: 2 Axles: 3
31338,28215,26597,30721,42,26,59,2,19,19,0,Pivots: 2 Axles: 5
46309,20770,28064,41484,31,17,67,15,13,10,14,Pivots: 2 Axles: 4
47041,21354,15354,33626,47,18,39,6,19,0,8,Pivots: 2 Axles: 4
49069,28260,29466,43610,12,16,30,8,19,1,11,Pivots: 1 Axles: 5
38382,17338,18008,19816,27,23,38,8,6,9,14,Pivots: 2 Axles: 3
34471,15892,18541,38254,36,28,49,15,0,10,11,Pivots: 1 Axles: 3
42055,19103,26895,49219,24,20,31,17,17,8,17,Pivots: 2 Axles: 5
40694,27313,25393,40560,18,26,89,8,14,2,10,Pivots: 2 Axles: 5
25022,26453,16488,15138,26,18,48,5,4,15,4,Pivots: 2 Axles: 5
48796,16641,27063,18426,35,27,51,6,8,9,15,Pivots: 2 Axles: 5
22473,23752,24572,20622,17,30,84,1,2,11,4,Pivots: 2 Axles: 4
45339,25874,22772,22637,29,17,54,15,1,1,20,Pivots: 0 Axles: 3
25669,27999,22664,26830,31,15,73,16,0,7,7,Pivots: 2 Axles: 5
40039,25695,15722,47092,48,14,84,20,6,14,20,Pivots: 1 Axles: 4
31886,16734,24758,35587,35,12,36,3,15,9,19,Pivots: 1 Axles: 4
28400,16101,24378,15144,17,20,50,10,0,9,20,Pivots: 1 Axles: 4
22382,28729,18826,26125,21,22,68,8,6,7,14,Pivots: 2 Axles: 4
34486,29878,27970,40826,17,30,59,17,10,9,9,Pivots: 0 Axles: 5
41800,25068,19582,21961,48,26,31,9,2,14,16,Pivots: 2 Axles: 5
24683,24055,16820,43511,18,12,65,19,15,6,1,Pivots: 2 Axles: 3
26015,16895,26741,39803,27,24,35,0,9,5,8,Pivots: 2 Axles: 5
42542,16637,20620,32322,12,25,50,11,4,10,16,Pivots: 1 Axles: 4
21888,17516,28976,41386,26,21,56,13,5,7,13,Pivots: 2 Axles: 5
26126,23243,17680,33513,19,28,57,11,10,8,20,Pivots: 1 Axles: 5
27642,27291,28813,49181,29,28,60,17,12,20,4,Pivots: 2 Axles: 5
46810,25926,15483,33469,34,17,64,18,8,13,12,Pivots: 2 Axles: 5
41394,21315,27058,33602,47,14,43,9,14,15,18,Pivots: 2 Axles: 5
33344,28090,23985,39354,40,20,73,2,5,2,7,Pivots: 0 Axles: 3
32787,20882,16656,36549,26,20,81,0,6,16,9,Pivots: 2 Axles: 5
27290,18882,19851,27820,25,15,76,15,5,1,14,Pivots: 1 Axles: 5
42106,19221,24779,34632,28,16,79,20,0,5,9,Pivots: 1 Axles: 5
47779,17107,28225,16417,22,20,45,2,6,11,4,Pivots: 2 Axles: 5
28397,20538,28842,37333,40,14,87,5,17,15,3,Pivots: 2 Axles: 5
39089,26756,29044,33899,35,29,76,20,16,14,19,Pivots: 2 Axles: 4
46883,19151,29209,28703,22,20,69,2,4,11,19,Pivots: 0 Axles: 3
42821,20808,16391,49083,22,26,46,4,0,10,4,Pivots: 2 Axles: 4
20066,15539,24490,33648,49,27,51,10,5,2,19,Pivots: 0 Axles: 5
35832,15384,17828,32188,50,14,37,12,3,6,5,Pivots: 2 Axles: 3
33771,16824,20360,18282,20,30,74,4,20,20,5,Pivots: 1 Axles: 5
25008,23505,20299,17828,19,20,76,7,9,6,3,Pivots: 0 Axles: 4
27777,24813,20196,34360,40,15,58,20,6,17,1,Pivots: 1 Axles: 5
31617,18808,29049,34183,17,12,80,17,7,15,18,Pivots: 0 Axles: 4
48621,29968,15782,24711,41,17,88,8,16,17,20,Pivots: 1 Axles: 5
44397,29788,16184,41930,47,23,86,17,7,18,13,Pivots: 2 Axles: 5
41353,22211,27756,24674,20,15,88,6,5,11,11,Pivots: 2 Axles: 5
32426,21292,21878,46174,32,23,87,14,5,7,9,Pivots: 1 Axles: 5
32063,22322,23256,22255,22,22,87,17,9,6,8,Pivots: 2 Axles: 5
33184,22341,17789,15004,20,21,58,19,20,1,1,Pivots: 2 Axles: 5
34956,28994,24501,16412,48,25,46,6,7,8,9,Pivots: 2 Axles: 3
48938,29762,22457,46905,43,28,90,3,2,12,19,Pivots: 2 Axles: 3
24277,28858,21125,36811,39,25,89,1,13,10,2,Pivots: 2 Axles: 3
23244,21735,27826,48811,24,17,51,0,1,15,1,Pivots: 2 Axles: 5
28925,22284,21391,24437,39,13,41,3,20,11,17,Pivots: 1 Axles: 4
24894,26804,27546,19581,37,14,34,7,20,6,15,Pivots: 2 Axles: 5
26208,16237,16831,19039,41,12,52,5,0,10,3,Pivots: 0 Axles: 4
32829,18173,29444,42396,12,14,81,18,6,6,4,Pivots: 1 Axles: 5
39448,15321,29302,49077,48,29,72,9,2,18,15,Pivots: 2 Axles: 3
35466,22405,18622,28056,40,26,89,14,11,14,0,Pivots: 0 Axles: 5
35124,26214,27196,36208,20,28,72,13,10,5,11,Pivots: 2 Axles: 4
22416,19591,21054,24387,46,14,74,8,16,12,8,Pivots: 2 Axles: 5
42394,21218,15820,33487,48,25,56,20,8,11,8,Pivots: 2 Axles: 5
26957,28087,17962,21680,48,25,48,3,8,10,3,Pivots: 2 Axles: 3
25722,18732,26731,18238,30,27,85,2,1,4,19,Pivots: 2 Axles: 4
34665,27822,23212,46235,21,24,73,17,19,6,20,Pivots: 2 Axles: 5
28902,29355,24639,32771,27,29,62,9,5,13,9,Pivots: 2 Axles: 4
30515,17506,23909,15790,20,28,78,11,12,3,0,Pivots: 2 Axles: 5
49467,21590,15651,25876,31,16,56,5,1,0,0,Pivots: 0 Axles: 3
37257,18127,20782,32666,43,12,87,8,18,17,13,Pivots: 2 Axles: 5
29703,15996,25442,49672,12,27,57,6,13,9,5,Pivots: 0 Axles: 3
49949,23957,20606,48440,42,20,52,4,4,10,7,Pivots: 2 Axles: 3
40648,18658,21361,36227,12,14,63,13,17,3,5,Pivots: 2 Axles: 5
26395,27688,26832,21837,30,28,79,15,2,7,19,Pivots: 1 Axles: 3
28042,18783,28377,27350,26,13,56,6,12,20,8,Pivots: 2 Axles: 3
38250,16304,29198,23026,23,30,35,12,14,17,3,Pivots: 0 Axles: 5
47468,28324,21030,16288,40,26,68,3,8,12,8,Pivots: 2 Axles: 5
29272,23489,21166,25945,22,14,66,2,18,20,12,Pivots: 2 Axles: 4
27213,17303,29830,36726,32,28,66,11,2,20,16,Pivots: 1 Axles: 5
36985,17186,27931,22362,26,23,52,7,9,2,5,Pivots: 2 Axles: 4
45485,21446,29091,31570,33,23,82,10,12,2,9,Pivots: 0 Axles: 5
40967,21249,29436,28435,15,16,59,10,14,16,8,Pivots: 2 Axles: 4
40293,25723,28072,45158,22,18,36,7,0,7,7,Pivots: 2 Axles: 5
24207,23902,17672,21054,27,22,30,3,8,2,7,Pivots: 2 Axles: 5
43735,29826,23302,23993,29,12,74,7,20,18,4,Pivots: 1 Axles: 4
24839,17848,28691,20157,45,22,73,8,19,12,4,Pivots: 0 Axles: 5
39153,28738,28801,46913,35,26,79,1,15,19,17,Pivots: 2 Axles: 5
38999,22974,20268,34415,33,19,66,9,5,10,8,Pivots: 0 Axles: 3
25178,16418,18990,23577,24,24,64,5,2,20,5,Pivots: 2 Axles: 5
24973,16702,18048,47469,22,29,46,15,13,6,16,Pivots: 2 Axles: 4
25760,26046,25552,15012,21,21,53,5,15,20,10,Pivots: 2 Axles: 3
39484,16148,28832,15960,22,30,83,19,4,16,18,Pivots: 2 Axles: 5
33632,25221,19988,32795,19,21,65,16,17,3,5,Pivots: 2 Axles: 3
41937,20026,20781,30521,22,19,85,14,3,9,13,Pivots: 2 Axles: 4
42201,29777,15965,19217,46,12,71,11,4,9,20,Pivots: 2 Axles: 5
43940,23702,21019,25849,20,22,69,19,10,17,5,Pivots: 1 Axles: 4
29033,20544,21260,31201,16,26,65,19,6,1,14,Pivots: 2 Axles: 5
20832,28618,19028,42303,25,17,35,8,4,5,12,Pivots: 0 Axles: 4
25129,28689,25987,39548,14,15,61,0,15,14,1,Pivots: 1 Axles: 3
23195,25145,28650,22996,30,18,69,20,6,6,19,Pivots: 2 Axles: 5
49768,26262,17275,20415,15,30,61,14,16,3,5,Pivots: 0 Axles: 5
20174,22170,16447,47072,42,13,39,14,4,18,4,Pivots: 2 Axles: 4
30360,24943,24633,29885,49,17,70,14,20,13,4,Pivots: 1 Axles: 3
36362,17499,27650,25538,43,29,81,15,7,16,18,Pivots: 1 Axles: 5
47415,26844,18254,37163,42,21,45,20,6,11,8,Pivots: 2 Axles: 5
44876,21050,18392,25870,37,19,32,0,11,19,15,Pivots: 1 Axles: 4
39342,19996,16065,36884,29,18,51,3,9,18,18,Pivots: 2 Axles: 4
21818,15949,17006,32957,24,13,73,9,3,10,10,Pivots: 1 Axles: 4
49136,19455,21548,28821,12,25,45,0,17,16,9,Pivots: 0 Axles: 3
23517,24181,24925,30535,24,26,52,4,0,15,13,Pivots: 0 Axles: 5
41514,17196,16251,20633,40,16,53,4,14,17,0,Pivots: 0 Axles: 3
46730,25156,15220,40620,33,13,86,4,15,20,10,Pivots: 0 Axles: 4
44361,16739,28125,16853,20,28,78,14,18,7,4,Pivots: 2 Axles: 5
41913,23186,17021,48862,48,24,78,6,4,16,6,Pivots: 2 Axles: 3
47648,16924,26645,49386,13,19,36,5,11,16,14,Pivots: 0 Axles: 5
41146,22788,28777,19828,27,26,44,10,12,1,9,Pivots: 2 Axles: 5
37367,23821,27521,41281,17,24,46,4,12,14,7,Pivots: 1 Axles: 3
26204,18927,20962,37828,45,23,58,19,15,11,10,Pivots: 2 Axles: 5
34061,18567,16288,29859,47,14,50,16,6,14,8,Pivots: 0 Axles: 5
27080,25608,29669,39561,47,26,33,18,6,0,10,Pivots: 2 Axles: 4
25071,28097,16161,44395,31,29,62,11,11,3,10,Pivots: 1 Axles: 5
48385,26680,27595,20768,35,21,87,14,7,1,13,Pivots: 1 Axles: 4
44853,25635,29085,40991,47,13,33,12,7,6,2,Pivots: 2 Axles: 3
40175,26573,18316,23088,50,16,65,19,7,17,8,Pivots: 2 Axles: 5
48150,29926,21858,26612,27,16,77,10,13,17,3,Pivots: 1 Axles: 4
43288,18191,20306,18758,17,22,33,5,15,14,6,Pivots: 1 Axles: 3
32436,19949,15460,47916,32,25,88,20,10,3,19,Pivots: 2 Axles: 5
23896,23239,24611,38970,28,24,88,14,6,8,15,Pivots: 2 Axles: 4
23118,17427,25813,26382,49,21,35,4,1,5,11,Pivots: 1 Axles: 5
29911,18106,26577,20558,46,19,74,14,18,18,0,Pivots: 2 Axles: 5
48764,21542,19576,15462,21,18,84,9,4,10,7,Pivots: 2 Axles: 4
37732,25398,18558,46669,20,15,38,8,9,8,1,Pivots: 1 Axles: 5
41802,21767,26766,22101,21,21,38,18,18,10,6,Pivots: 2 Axles: 3
49046,25450,18369,20654,41,13,75,0,3,18,12,Pivots: 0 Axles: 5
23622,18404,25556,20520,45,19,62,15,7,12,5,Pivots: 2 Axles: 5
34518,26113,27604,15336,15,22,35,3,15,18,5,Pivots: 1 Axles: 3
21157,29121,17422,16829,14,25,31,7,16,14,13,Pivots: 2 Axles: 3
46760,26384,24372,29695,17,16,67,4,4,9,14,Pivots: 0 Axles: 5
47480,21277,16464,23020,38,17,64,1,13,18,16,Pivots: 1 Axles: 5
34752,29715,22713,32251,26,17,64,1,3,3,18,Pivots: 1 Axles: 3
22388,21496,28514,45205,24,24,50,2,17,3,14,Pivots: 1 Axles: 5
38752,28860,17845,46306,42,25,90,12,11,3,0,Pivots: 2 Axles: 4
28086,28445,22658,20867,50,30,61,8,0,11,14,Pivots: 0 Axles: 5
31464,26350,24588,48667,40,14,33,11,10,8,16,Pivots: 2 Axles: 5
32308,20696,25788,41292,20,21,89,5,2,10,0,Pivots: 2 Axles: 4
26882,23364,18632,23722,17,12,44,12,19,9,19,Pivots: 1 Axles: 3
45511,22302,25982,22414,25,20,83,13,19,7,8,Pivots: 1 Axles: 4
30080,22784,22891,30574,30,20,63,3,6,18,13,Pivots: 2 Axles: 5
41734,27619,19109,27371,22,26,57,11,19,16,5,Pivots: 0 Axles: 5
41986,29571,22225,15537,20,27,54,7,19,18,17,Pivots: 0 Axles: 5
22580,21835,16762,19260,22,26,66,8,2,3,9,Pivots: 2 Axles: 5
25724,17802,28593,49429,43,13,43,17,1,5,17,Pivots: 2 Axles: 3
36696,16082,22709,23523,30,15,60,2,9,15,19,Pivots: 0 Axles: 5
33694,20232,15025,21921,13,18,67,12,2,11,0,Pivots: 2 Axles: 3
41145,21742,16561,46629,39,26,73,14,11,13,6,Pivots: 0 Axles: 3
32741,26029,24176,19173,16,16,49,19,16,5,12,Pivots: 1 Axles: 3
48164,18179,25801,30104,32,29,43,9,13,11,20,Pivots: 1 Axles: 5
23241,15245,24304,39666,32,19,56,0,16,7,8,Pivots: 0 Axles: 4
31436,25196,17228,23947,22,21,74,3,1,19,5,Pivots: 0 Axles: 5
25343,19920,20857,45532,14,19,50,15,2,18,6,Pivots: 2 Axles: 4
49267,23352,22164,34940,14,29,49,14,6,1,2,Pivots: 1 Axles: 5
45413,15994,25999,18334,39,28,33,1,7,10,19,Pivots: 2 Axles: 4
20279,17201,18695,18812,22,15,49,12,6,6,4,Pivots: 2 Axles: 4
32766,26494,26033,31618,40,25,63,0,10,3,6,Pivots: 2 Axles: 3
31771,21399,26870,35942,12,21,44,18,6,15,0,Pivots: 1 Axles: 3
21081,26030,18006,17325,24,28,45,15,6,5,0,Pivots: 0 Axles: 3
30224,25546,16626,42042,15,17,75,19,17,15,4,Pivots: 2 Axles: 3
20482,23221,29703,33912,50,21,74,7,14,8,13,Pivots: 1 Axles: 5
31589,29285,24321,40681,46,15,48,14,19,3,3,Pivots: 0 Axles: 5
33972,24186,26202,19695,41,20,52,17,20,5,15,Pivots: 2 Axles: 5
29999,25393,22584,23386,26,28,39,20,10,15,3,Pivots: 1 Axles: 4
41090,24965,18435,41096,50,19,38,2,10,18,1,Pivots: 2 Axles: 4
44607,26860,28209,47957,15,22,72,17,18,6,1,Pivots: 0 Axles: 3
40194,29987,27451,33015,30,27,82,4,1,5,15,Pivots: 2 Axles: 4
31313,15328,27852,20608,49,24,47,0,18,2,19,Pivots: 2 Axles: 4
38589,23866,19044,26585,26,24,62,3,9,12,10,Pivots: 0 Axles: 5
46572,28538,18851,32689,42,16,30,10,11,5,18,Pivots: 2 Axles: 3
39879,25301,27419,20824,35,26,55,6,1,2,5,Pivots: 0 Axles: 4
23401,18417,22877,38866,46,27,62,12,3,8,5,Pivots: 2 Axles: 3
34564,22143,22191,43956,34,15,89,12,17,11,6,Pivots: 2 Axles: 5
43960,17260,20714,49762,37,21,65,20,20,6,6,Pivots: 0 Axles: 5
31667,16596,22734,31699,36,24,34,3,18,13,18,Pivots: 2 Axles: 3
31850,19841,27993,41860,49,22,40,20,18,3,5,Pivots: 0 Axles: 5
44455,19390,28290,22049,17,17,52,12,9,6,14,Pivots: 2 Axles: 5
48768,18179,26783,33421,36,28,38,6,18,0,12,Pivots: 1 Axles: 5
48575,16560,24016,21960,12,30,68,16,14,0,13,Pivots: 2 Axles: 3
41294,20546,15228,38459,35,29,34,20,16,13,2,Pivots: 1 Axles: 4
33036,29216,28369,35639,39,28,81,6,10,12,17,Pivots: 2 Axles: 5
22972,21456,29984,40465,39,25,30,7,6,12,18,Pivots: 2 Axles: 5
23429,19648,29187,23777,45,16,60,10,13,17,18,Pivots: 2 Axles: 3
21208,25274,16275,29278,16,15,89,6,16,9,17,Pivots: 1 Axles: 5
44747,20985,28335,36787,12,30,36,4,7,16,20,Pivots: 0 Axles: 4
24037,29907,18738,47732,31,29,77,1,0,20,4,Pivots: 0 Axles: 3
33122,17228,25820,38017,15,16,53,17,3,7,15,Pivots: 1 Axles: 5
28954,17412,27076,31783,26,29,66,5,9,9,2,Pivots: 2 Axles: 5
35244,29717,28691,45431,16,17,49,9,16,11,11,Pivots: 2 Axles: 3
43844,22702,29018,21139,34,22,61,11,15,18,8,Pivots: 1 Axles: 5
32267,23900,15124,40889,33,25,30,9,10,14,15,Pivots: 2 Axles: 4
29239,26482,17011,42159,31,12,79,10,16,19,16,Pivots: 0 Axles: 5
46864,29723,29734,38990,38,22,43,16,7,2,19,Pivots: 2 Axles: 4
23366,21290,20551,24056,48,24,69,19,4,2,18,Pivots: 2 Axles: 5
49622,18637,17435,27958,46,17,86,20,20,17,15,Pivots: 1 Axles: 4
33846,23615,20614,44286,17,17,50,8,13,12,14,Pivots: 2 Axles: 5
20244,19936,24299,39379,19,30,89,0,11,6,14,Pivots: 2 Axles: 5
46283,19244,28638,43361,35,28,35,17,4,10,9,Pivots: 2 Axles: 5
39267,16478,24667,28247,27,12,87,4,3,14,18,Pivots: 2 Axles: 5
25165,25069,21989,17732,50,19,70,7,19,12,19,Pivots: 1 Axles: 3
27298,26967,18791,38666,19,24,38,11,3,15,12,Pivots: 0 Axles: 4
25510,19765,17883,27205,41,29,46,3,15,4,10,Pivots: 0 Axles: 3
46072,17926,26729,30244,14,27,38,7,12,18,13,Pivots: 1 Axles: 4
29609,27642,18718,43096,31,17,45,20,19,8,17,Pivots: 0 Axles: 4
28587,20170,17165,26775,19,25,67,8,2,16,4,Pivots: 2 Axles: 4
48467,20207,15631,32986,50,29,78,16,4,20,7,Pivots: 1 Axles: 5
29478,28500,25439,45838,47,17,67,16,3,9,9,Pivots: 2 Axles: 3
48675,28537,21839,41463,27,13,62,3,5,2,2,Pivots: 1 Axles: 5
21173,18264,16222,45143,23,24,32,9,18,4,10,Pivots: 2 Axles: 3
45248,25756,28800,30386,31,27,90,7,16,6,19,Pivots: 0 Axles: 3
26392,22393,19756,43671,38,15,59,1,17,2,8,Pivots: 0 Axles: 4
34867,20475,17724,23010,35,12,81,12,19,8,12,Pivots: 1 Axles: 5
49009,26378,29790,15467,32,14,86,1,18,8,0,Pivots: 0 Axles: 4
37515,29264,23539,28866,34,15,47,19,4,20,20,Pivots: 2 Axles: 5
46010,22640,20286,46537,30,23,83,3,7,16,7,Pivots: 0 Axles: 3
23394,28555,18852,39759,24,20,73,4,4,4,3,Pivots: 0 Axles: 5
26687,28730,27120,40409,46,17,72,7,14,0,0,Pivots: 2 Axles: 5
29271,16716,22119,25967,49,27,60,20,10,15,7,Pivots: 0 Axles: 5
33643,25678,25025,25510,49,21,48,20,9,12,6,Pivots: 2 Axles: 5
29900,22383,16954,16325,41,15,72,17,14,7,17,Pivots: 2 Axles: 5
31037,24373,24858,18230,26,17,74,19,6,9,12,Pivots: 2 Axles: 5
25176,19272,23762,49577,47,16,44,17,6,19,8,Pivots: 2 Axles: 4
46102,22731,25227,49571,16,21,80,19,7,2,7,Pivots: 1 Axles: 4
26014,17230,29346,32605,19,27,39,4,2,11,8,Pivots: 2 Axles: 3
36615,19533,22550,40532,42,28,88,16,14,12,9,Pivots: 1 Axles: 5
27214,28605,17806,33851,47,21,46,7,13,9,1,Pivots: 2 Axles: 5
36238,23107,19608,31691,43,26,86,5,1,4,8,Pivots: 2 Axles: 5
45456,22957,21994,45744,44,20,51,1,2,14,16,Pivots: 1 Axles: 5
43396,28151,15863,44654,40,21,63,15,5,5,3,Pivots: 0 Axles: 5
37123,25394,15215,45173,28,18,67,8,5,12,1,Pivots: 0 Axles: 5
23295,27869,16223,48492,34,29,74,10,17,0,1,Pivots: 2 Axles: 5
41655,26447,22699,24361,31,12,39,18,19,4,5,Pivots: 0 Axles: 3
21517,25439,24150,43804,33,26,50,17,16,8,19,Pivots: 0 Axles: 5
32601,29838,22711,19062,50,20,36,20,13,4,5,Pivots: 0 Axles: 5
46360,26852,25734,35770,25,29,75,5,13,16,18,Pivots: 0 Axles: 5
24063,27776,24357,31685,30,20,50,13,20,9,7,Pivots: 1 Axles: 5
41398,22502,18243,30976,20,21,70,4,19,9,16,Pivots: 0 Axles: 3
26450,21493,26687,36404,22,26,79,1,6,3,7,Pivots: 0 Axles: 5
36722,22324,21398,26432,13,29,90,18,2,11,11,Pivots: 1 Axles: 3
21710,18294,17465,23464,20,30,90,20,19,4,13,Pivots: 2 Axles: 4
21449,18195,27241,32510,47,13,43,3,10,11,16,Pivots: 2 Axles: 3
34883,25483,21850,35154,46,21,81,7,4,19,13,Pivots: 2 Axles: 3
24330,28022,20583,46632,22,26,35,8,18,16,1,Pivots: 0 Axles: 5
26635,20018,20448,19156,48,13,34,4,18,15,9,Pivots: 2 Axles: 5
27626,17396,21564,37145,31,13,49,5,19,8,0,Pivots: 2 Axles: 5
40805,28565,29276,23667,39,12,58,14,13,17,19,Pivots: 2 Axles: 5
40790,20966,26094,36165,26,22,37,7,15,17,13,Pivots: 2 Axles: 4
30515,27882,19789,42364,27,24,53,17,4,9,4,Pivots: 2 Axles: 4
36138,23409,28422,28899,14,22,55,18,3,0,7,Pivots: 1 Axles: 4
48735,15577,17862,34655,29,15,79,12,7,2,9,Pivots: 2 Axles: 4
28017,23672,27429,34825,17,27,63,2,18,9,13,Pivots: 2 Axles: 5
34099,19606,19970,20923,19,23,38,8,0,0,8,Pivots: 2 Axles: 5
49365,24111,19125,25252,50,25,45,6,1,5,20,Pivots: 1 Axles: 3
30649,20090,20057,34672,47,21,88,2,12,20,4,Pivots: 2 Axles: 5
21894,15574,25289,22102,34,16,42,16,19,19,6,Pivots: 0 Axles: 5
44711,28230,22398,44430,17,27,84,16,7,1,15,Pivots: 2 Axles: 5
43530,29866,22531,46800,25,20,78,3,11,14,3,Pivots: 0 Axles: 5
20899,27822,27600,26605,50,30,83,7,6,11,16,Pivots: 0 Axles: 5
29788,16033,26375,17305,23,23,36,5,6,14,2,Pivots: 0 Axles: 5
25694,20753,22782,27021,36,15,72,17,0,13,12,Pivots: 2 Axles: 5
49397,26385,21545,26392,32,14,62,16,13,6,0,Pivots: 0 Axles: 5
22647,19501,28611,43387,46,24,71,9,10,10,14,Pivots: 2 Axles: 5
33986,28399,17796,21416,40,27,76,12,13,6,8,Pivots: 2 Axles: 5
44544,22825,21317,21359,23,19,53,14,17,0,14,Pivots: 2 Axles: 3
39166,20159,22653,23510,13,27,48,13,13,16,11,Pivots: 0 Axles: 5
26384,17469,25466,48991,17,12,59,2,8,12,9,Pivots: 2 Axles: 4
38944,28295,18626,44832,33,19,83,5,6,0,18,Pivots: 1 Axles: 5
31089,19738,17754,41090,15,30,40,0,9,4,10,Pivots: 0 Axles: 5
30213,17699,18504,21561,12,24,58,3,19,0,9,Pivots: 2 Axles: 3
36466,24742,24049,24084,18,16,86,17,10,4,20,Pivots: 1 Axles: 4
20787,27658,25326,35937,43,27,67,9,15,12,12,Pivots: 0 Axles: 5
45209,16378,15403,25249,16,16,49,8,3,13,16,Pivots: 2 Axles: 5
21099,24712,29616,25118,34,15,68,1,7,5,15,Pivots: 2 Axles: 3
46381,24538,17412,16808,16,28,32,7,14,19,4,Pivots: 1 Axles: 3
47221,28984,28561,33004,47,18,57,18,15,0,4,Pivots: 0 Axles: 4
38138,20116,23840,38745,36,15,85,11,1,16,14,Pivots: 2 Axles: 5
45232,16132,22810,49967,22,23,36,8,1,1,9,Pivots: 1 Axles: 4
31129,21056,15330,19653,22,24,42,5,2,11,20,Pivots: 1 Axles: 5
21298,18742,25465,45883,32,18,87,13,2,8,15,Pivots: 2 Axles: 5
33728,17123,26791,45133,16,20,81,20,4,6,17,Pivots: 1 Axles: 5
29488,24135,27215,41261,40,12,61,4,8,20,11,Pivots: 2 Axles: 3
25697,20220,18964,28074,50,15,89,12,5,16,20,Pivots: 1 Axles: 5
38545,27553,29277,44639,27,17,86,2,9,12,9,Pivots: 0 Axles: 5
28252,18499,27168,31418,33,13,43,16,4,8,5,Pivots: 1 Axles: 5
37274,19933,26885,24038,46,12,58,7,0,13,1,Pivots: 2 Axles: 5
42399,17533,17566,21227,42,16,90,5,8,7,11,Pivots: 2 Axles: 5
23608,28264,24521,31737,19,16,47,6,10,12,1,Pivots: 1 Axles: 5
25832,15286,23674,31660,20,29,87,6,2,18,10,Pivots: 0 Axles: 3
33502,21521,17652,37720,50,17,56,13,18,9,7,Pivots: 2 Axles: 4
47292,16587,15944,25696,47,18,34,13,15,20,6,Pivots: 2 Axles: 5
40039,24473,18398,22403,41,20,30,3,18,6,3,Pivots: 1 Axles: 5
35807,19362,16517,26201,34,24,42,1,4,14,10,Pivots: 1 Axles: 4
25087,17434,29234,25562,34,14,42,4,1,4,10,Pivots: 0 Axles: 3
29719,27332,24429,35356,15,24,34,5,17,8,12,Pivots: 2 Axles: 3
47301,23590,16620,44531,48,26,75,20,16,6,12,Pivots: 2 Axles: 5
36238,23349,21898,33141,38,15,81,9,7,11,10,Pivots: 1 Axles: 4
35203,22914,20853,16331,34,24,56,9,2,5,19,Pivots: 2 Axles: 5
28611,16541,28633,30365,17,18,65,5,16,10,11,Pivots: 2 Axles: 5
42492,20871,19261,49823,13,13,47,19,6,6,13,Pivots: 0 Axles: 5
45610,19652,24347,35093,20,17,57,0,2,7,12,Pivots: 0 Axles: 3
38658,23303,19170,37927,33,12,81,12,3,20,2,Pivots: 2 Axles: 5
40131,26163,19759,47951,44,18,64,14,10,6,3,Pivots: 2 Axles: 3
36097,15986,26468,39578,25,14,70,12,3,19,12,Pivots: 1 Axles: 5
47653,22288,21324,27204,47,19,40,16,9,3,15,Pivots: 2 Axles: 3
30095,22958,29316,33202,46,15,30,3,14,18,14,Pivots: 2 Axles: 3
35783,19575,15240,48755,21,27,78,8,17,0,17,Pivots: 0 Axles: 5
42823,27167,27142,25663,18,12,66,0,17,2,1,Pivots: 2 Axles: 4
39795,15225,16172,17450,42,27,67,16,3,5,5,Pivots: 1 Axles: 3
29237,23958,22084,19992,45,13,58,3,10,11,19,Pivots: 2 Axles: 4
26218,16023,20476,44769,26,18,83,12,6,1,12,Pivots: 0 Axles: 4
47421,24463,28986,19975,16,22,54,14,1,11,5,Pivots: 2 Axles: 3
34402,19330,22110,40550,20,19,43,9,1,13,11,Pivots: 0 Axles: 3
26969,26871,23212,35278,50,15,55,12,3,7,11,Pivots: 0 Axles: 5
32011,16615,25300,41890,34,23,57,16,4,12,2,Pivots: 1 Axles: 4
35724,21548,25049,38628,13,19,32,16,19,14,15,Pivots: 2 Axles: 3
40833,21111,25023,48143,33,22,87,6,18,3,1,Pivots: 1 Axles: 5
32896,25649,26163,22564,17,25,65,6,20,6,2,Pivots: 1 Axles: 3
43572,27612,27444,48144,36,24,53,20,15,17,20,Pivots: 1 Axles: 5
33167,22820,26637,36162,37,13,51,12,8,15,10,Pivots: 2 Axles: 5
45039,23209,26180,39913,15,13,61,10,7,8,10,Pivots: 1 Axles: 3
43038,16325,26415,29610,44,23,85,11,12,14,10,Pivots: 2 Axles: 5
21435,23670,19463,15426,15,30,86,17,17,4,1,Pivots: 1 Axles: 5
43524,20532,23193,42016,39,28,86,11,20,15,8,Pivots: 2 Axles: 5
33191,26146,29273,46049,34,20,78,19,7,7,19,Pivots: 0 Axles: 5
46087,17660,17740,42132,30,30,39,13,12,12,7,Pivots: 2 Axles: 5
39284,27643,29631,31664,18,15,31,13,12,10,9,Pivots: 0 Axles: 5
22778,24184,27354,48143,35,17,76,1,18,20,12,Pivots: 2 Axles: 3
29681,16255,24049,35719,42,15,53,7,8,1,20,Pivots: 2 Axles: 3
27766,26550,20228,27243,36,18,71,1,11,14,17,Pivots: 2 Axles: 5
26142,15849,27559,23717,32,23,57,20,1,2,20,Pivots: 2 Axles: 3
29710,21053,26162,45803,30,18,35,11,18,17,15,Pivots: 0 Axles: 5
32285,29055,16845,21107,23,12,50,2,5,5,6,Pivots: 0 Axles: 5
21519,21578,25972,23136,50,25,49,14,8,1,6,Pivots: 0 Axles: 3
22354,22662,29246,34869,14,16,51,15,3,4,3,Pivots: 2 Axles: 5
35217,22842,25052,20678,20,22,48,5,7,20,7,Pivots: 2 Axles: 3
32656,22909,20093,29810,12,23,56,8,16,15,15,Pivots: 2 Axles: 4
40786,21980,23586,20886,12,23,45,8,7,2,8,Pivots: 0 Axles: 5
44941,18533,21517,46340,13,19,51,0,10,7,19,Pivots: 1 Axles: 5
39130,26743,21463,40359,34,25,83,15,18,11,3,Pivots: 0 Axles: 5
40283,27422,27750,16226,15,19,41,6,11,15,6,Pivots: 1 Axles: 5
21749,22164,23986,33401,42,23,64,5,15,11,12,Pivots: 2 Axles: 5
29414,28885,28328,45370,14,28,86,4,9,18,8,Pivots: 1 Axles: 5
36142,27465,28801,15282,20,28,53,15,15,17,9,Pivots: 1 Axles: 5
27840,23372,27462,46255,13,22,87,15,5,20,17,Pivots: 0 Axles: 5
47334,22052,22549,16304,33,13,64,15,6,8,6,Pivots: 2 Axles: 5
32466,28382,21174,24702,36,19,30,6,15,0,16,Pivots: 1 Axles: 3
28905,19818,16879,21401,21,13,34,11,9,3,9,Pivots: 2 Axles: 3
31729,26013,26463,29818,25,15,85,9,13,12,8,Pivots: 1 Axles: 3
43646,27460,23499,34669,32,14,30,2,12,16,15,Pivots: 2 Axles: 5
49477,21383,18573,41153,22,23,78,2,6,0,15,Pivots: 2 Axles: 5
37561,18481,27612,23266,45,14,70,1,12,15,14,Pivots: 2 Axles: 3
34003,28573,20915,31569,20,25,36,16,6,10,15,Pivots: 2 Axles: 5
45991,15665,24574,46954,31,17,30,15,17,13,11,Pivots: 2 Axles: 3
26790,25325,27340,30093,40,19,49,1,18,10,3,Pivots: 2 Axles: 5
42374,24584,20026,20529,40,29,40,10,18,3,16,Pivots: 1 Axles: 5
45134,26342,27214,48460,32,26,46,14,5,14,2,Pivots: 2 Axles: 4
45493,18250,23547,16754,46,21,69,2,2,16,20,Pivots: 2 Axles: 5
42687,20722,20881,37161,20,18,57,3,18,15,14,Pivots: 1 Axles: 5
39187,22008,21166,44312,48,27,82,5,12,2,20,Pivots: 2 Axles: 4
20350,21026,27525,20847,29,13,87,0,6,6,1,Pivots: 2 Axles: 4
45420,20287,24387,29789,18,14,56,16,8,1,8,Pivots: 0 Axles: 5
39407,28943,20400,17738,50,22,56,10,4,8,13,Pivots: 2 Axles: 5
31769,23204,18213,27286,45,12,30,9,19,10,3,Pivots: 2 Axles: 5
44041,17613,15504,27375,27,16,43,16,13,0,20,Pivots: 2 Axles: 4
27231,28833,29597,36749,39,17,68,9,17,3,19,Pivots: 0 Axles: 5
32800,24981,19865,21511,40,15,40,17,10,4,8,Pivots: 2 Axles: 5
47275,25929,23976,27394,48,25,75,3,6,15,9,Pivots: 2 Axles: 4
27247,27337,24870,24660,19,14,59,18,14,13,5,Pivots: 0 Axles: 3
37491,29246,24432,36423,31,15,52,4,8,0,4,Pivots: 0 Axles: 4
32799,22967,20304,40991,35,12,46,2,4,18,3,Pivots: 1 Axles: 5
48418,26320,17016,35884,38,18,46,1,16,9,16,Pivots: 2 Axles: 3
31884,20308,25669,27706,18,29,42,0,5,5,19,Pivots: 2 Axles: 5
39890,18259,16434,47174,20,24,34,11,13,17,12,Pivots: 0 Axles: 3
32139,18822,17890,34668,28,27,88,19,19,9,4,Pivots: 2 Axles: 5
20815,28246,23365,39221,24,28,86,20,2,5,19,Pivots: 0 Axles: 5
22867,23008,25378,32986,45,23,89,2,15,15,11,Pivots: 0 Axles: 3
26479,17854,26857,36591,16,29,79,17,3,1,13,Pivots: 2 Axles: 4
24162,21007,29380,19440,16,28,70,8,1,2,13,Pivots: 2 Axles: 5
26664,15204,22979,25693,47,15,81,3,9,13,6,Pivots: 2 Axles: 4
27842,28048,26593,20927,31,13,53,10,12,7,8,Pivots: 2 Axles: 5
47095,28972,21959,34881,19,21,54,18,9,14,3,Pivots: 0 Axles: 3
46473,19594,24326,37262,19,29,48,9,4,19,12,Pivots: 1 Axles: 5
27003,15444,25952,23118,32,30,71,8,14,7,6,Pivots: 0 Axles: 5
24136,16812,27041,28653,47,12,37,15,12,7,10,Pivots: 2 Axles: 5
23572,20678,26729,26226,13,26,51,1,12,11,9,Pivots: 0 Axles: 4
28006,25552,16600,33526,31,24,46,5,6,13,18,Pivots: 2 Axles: 3
36474,20627,24636,26611,29,24,38,6,0,9,19,Pivots: 0 Axles: 4
29014,22732,23204,16814,44,27,83,0,2,11,16,Pivots: 1 Axles: 4
43462,18279,15050,38888,12,29,53,10,12,14,14,Pivots: 0 Axles: 5
48245,24758,27160,24609,30,24,70,14,20,9,8,Pivots: 1 Axles: 5
38652,19625,16236,41786,37,12,61,7,7,7,5,Pivots: 2 Axles: 5
24389,23785,19288,17591,36,14,65,0,6,8,17,Pivots: 0 Axles: 3
48378,18099,18851,48624,24,26,85,5,10,5,8,Pivots: 0 Axles: 5
28496,16416,23308,39204,22,22,85,13,13,5,4,Pivots: 2 Axles: 4
41259,15152,19698,44855,16,29,73,12,11,16,17,Pivots: 0 Axles: 4
32392,16957,21201,42606,47,21,81,13,18,15,19,Pivots: 0 Axles: 5
44717,18655,17070,36198,31,21,62,15,4,7,7,Pivots: 2 Axles: 4
33169,22785,17142,21894,42,28,66,2,11,18,0,Pivots: 1 Axles: 3
46716,20257,29518,48554,25,26,54,13,8,15,10,Pivots: 1 Axles: 3
47512,22028,19115,30015,43,18,77,2,14,8,8,Pivots: 2 Axles: 5
27333,15797,29867,44125,20,30,87,0,19,3,11,Pivots: 2 Axles: 3
23875,29002,28901,46353,38,26,33,9,3,10,17,Pivots: 0 Axles: 5
39904,22919,23734,41405,41,17,83,10,6,5,1,Pivots: 2 Axles: 5
48364,15274,26750,28662,36,21,55,12,14,11,15,Pivots: 0 Axles: 3
41305,22530,22948,32010,47,20,34,20,3,18,1,Pivots: 0 Axles: 5
38365,28601,21807,26689,45,15,74,14,9,16,19,Pivots: 2 Axles: 3
34246,19949,23406,45046,36,17,81,4,6,0,6,Pivots: 1 Axles: 5
21714,23399,16115,15343,16,29,53,15,13,17,14,Pivots: 2 Axles: 5
49959,26458,22132,27168,19,14,59,13,17,3,19,Pivots: 2 Axles: 3
34903,29547,28733,34247,37,24,58,4,17,0,6,Pivots: 2 Axles: 3
32733,24070,24157,19666,18,14,65,1,3,14,10,Pivots: 1 Axles: 5
29122,19445,22648,39059,29,27,88,16,2,15,15,Pivots: 2 Axles: 5
31842,24051,20766,17880,19,24,47,19,16,4,4,Pivots: 0 Axles: 5
33525,28511,15108,18894,24,14,78,8,5,1,4,Pivots: 2 Axles: 5
23925,21658,22504,45302,46,23,47,14,15,5,5,Pivots: 2 Axles: 5
25609,24840,21120,40896,23,14,77,2,14,8,9,Pivots: 0 Axles: 3
44966,15279,19419,43906,22,12,82,19,14,20,7,Pivots: 0 Axles: 5
49860,16480,15260,44019,15,30,47,11,2,0,5,Pivots: 2 Axles: 3
44464,22573,21351,20189,27,16,36,0,2,8,9,Pivots: 1 Axles: 4
23321,19530,25980,18421,21,19,49,0,20,9,17,Pivots: 2 Axles: 4
36724,15789,23761,23298,49,21,40,2,17,15,3,Pivots: 1 Axles: 5
27286,27821,20343,41186,16,23,36,2,3,0,7,Pivots: 2 Axles: 5
41736,20011,24182,39950,47,17,38,14,3,20,20,Pivots: 2 Axles: 5
24386,25735,17401,30705,17,20,87,12,17,11,1,Pivots: 0 Axles: 5
44445,19021,27404,17461,30,19,63,5,17,10,6,Pivots: 2 Axles: 4
48450,15362,27575,34893,14,26,89,12,18,11,20,Pivots: 2 Axles: 5
39193,26981,19104,29935,24,24,59,6,11,15,20,Pivots: 2 Axles: 5
36201,26599,18345,46666,49,13,50,4,1,0,17,Pivots: 2 Axles: 3
40106,18682,15402,35842,16,19,69,15,4,5,1,Pivots: 2 Axles: 5
40852,22836,23212,29629,48,25,37,17,17,9,15,Pivots: 1 Axles: 3
41129,19530,17200,19170,17,13,85,15,2,1,3,Pivots: 2 Axles: 4
49114,23800,20494,21738,28,15,41,7,12,3,15,Pivots: 2 Axles: 5
36301,15699,17279,40655,27,15,60,12,20,17,1,Pivots: 1 Axles: 5
40065,28063,23086,38413,43,13,53,3,6,10,1,Pivots: 1 Axles: 5
48840,25945,29805,29113,19,29,40,10,15,12,5,Pivots: 2 Axles: 3
41710,21114,20716,36051,20,29,84,0,1,14,14,Pivots: 2 Axles: 5
21471,17838,27298,40280,22,21,38,8,0,17,13,Pivots: 1 Axles: 4
21284,24124,26918,30861,15,18,45,10,8,16,3,Pivots: 2 Axles: 4
25929,16462,24158,42034,39,28,42,17,12,17,13,Pivots: 0 Axles: 3
44018,18468,16138,42891,14,28,48,3,8,1,8,Pivots: 2 Axles: 5
28699,18148,29978,28670,48,25,52,6,6,20,10,Pivots: 0 Axles: 3
29818,23996,28245,36273,43,19,67,18,12,1,4,Pivots: 2 Axles: 3
20446,27038,20709,33257,44,28,51,12,3,10,11,Pivots: 1 Axles: 4
23039,28591,27070,35736,32,29,58,12,2,2,3,Pivots: 2 Axles: 5
39983,16876,27468,36165,49,22,76,4,5,7,0,Pivots: 1 Axles: 4
22969,20247,23982,40026,43,12,32,1,2,0,16,Pivots: 2 Axles: 4
40261,18662,28859,19529,24,24,86,9,3,20,3,Pivots: 2 Axles: 5
34568,15479,19963,32986,22,17,82,2,4,15,17,Pivots: 0 Axles: 5
46396,28151,19041,30450,37,25,38,0,17,17,6,Pivots: 0 Axles: 4
40252,27225,20594,21704,30,21,71,3,16,15,8,Pivots: 2 Axles: 4
24960,17385,21346,46286,22,21,84,0,19,15,7,Pivots: 2 Axles: 3
26936,19744,28614,43159,41,15,65,18,1,1,5,Pivots: 2 Axles: 5
49258,28067,21751,49885,32,15,44,1,12,7,8,Pivots: 1 Axles: 5
46223,20104,22748,23938,29,13,87,11,6,7,1,Pivots: 0 Axles: 5
46667,22879,15763,39847,21,16,80,10,12,17,16,Pivots: 2 Axles: 4
29750,28511,24506,44778,14,19,87,7,3,10,11,Pivots: 0 Axles: 4
29335,25416,28147,23892,12,15,74,12,15,17,11,Pivots: 2 Axles: 3
49139,16601,26134,21260,42,29,59,13,19,9,0,Pivots: 2 Axles: 5
41974,17493,16535,28554,40,23,40,20,4,20,18,Pivots: 1 Axles: 5
47878,16824,25322,28600,36,30,44,11,12,10,1,Pivots: 2 Axles: 4
39990,29306,29389,28806,41,18,69,14,17,19,2,Pivots: 0 Axles: 5
21098,22280,22471,23421,36,25,55,1,4,3,0,Pivots: 2 Axles: 4
45982,21313,17540,44633,29,23,86,5,12,3,20,Pivots: 2 Axles: 3
29889,29263,27629,16129,29,16,39,19,18,2,2,Pivots: 1 Axles: 4
20664,28036,28434,28823,26,25,50,9,5,16,15,Pivots: 0 Axles: 5
36964,21289,18138,38054,14,14,55,7,9,9,17,Pivots: 2 Axles: 5
39964,23557,16211,24386,28,16,59,11,11,12,14,Pivots: 1 Axles: 5
45816,23747,26350,42186,32,19,66,19,13,15,2,Pivots: 0 Axles: 5
36917,16069,26077,22201,38,30,88,8,6,0,19,Pivots: 2 Axles: 5
23898,27231,28600,22632,41,14,56,12,14,0,16,Pivots: 1 Axles: 5
49478,28102,28691,29423,46,16,55,5,7,11,4,Pivots: 2 Axles: 3
21963,28484,28574,16681,47,14,77,9,3,6,17,Pivots: 2 Axles: 5
38169,19820,29368,19757,14,21,45,15,18,19,20,Pivots: 1 Axles: 4
30173,20830,24512,29136,39,18,82,13,16,0,6,Pivots: 2 Axles: 5
33531,26730,16262,46789,49,21,49,17,9,6,18,Pivots: 0 Axles: 3
40908,29688,24992,36359,34,15,68,3,16,14,9,Pivots: 2 Axles: 5
31445,16443,21758,24195,46,16,86,0,16,9,15,Pivots: 2 Axles: 5
27292,15599,24460,43675,25,21,58,19,14,14,1,Pivots: 0 Axles: 3
22723,23541,29072,33537,49,15,63,7,0,19,15,Pivots: 2 Axles: 4
32186,22183,27608,21051,50,29,62,9,13,12,7,Pivots: 2 Axles: 3
34797,26417,16712,25582,47,13,56,13,13,6,10,Pivots: 0 Axles: 5
30032,16758,15885,45455,43,12,31,7,13,13,20,Pivots: 2 Axles: 4
45501,22565,24271,34363,13,24,80,20,15,2,0,Pivots: 0 Axles: 3
31715,25838,16678,28953,15,20,55,13,16,12,12,Pivots: 0 Axles: 3
49720,21324,28220,27880,43,21,85,20,2,17,0,Pivots: 2 Axles: 5
27891,25355,18311,19022,38,25,71,18,18,0,0,Pivots: 2 Axles: 4
48430,22512,18826,40295,49,28,35,12,14,0,20,Pivots: 2 Axles: 3
39536,21004,27293,20052,36,12,43,10,17,8,9,Pivots: 2 Axles: 5
25558,25164,19980,41332,45,12,41,6,17,16,1,Pivots: 1 Axles: 3
29317,20497,18189,21674,28,18,57,14,3,12,4,Pivots: 2 Axles: 5
35444,18771,17137,17406,21,29,63,18,6,18,16,Pivots: 2 Axles: 5
48459,25963,20599,31318,40,12,56,20,20,12,10,Pivots: 2 Axles: 4
38526,17490,24179,40869,50,25,51,3,3,15,18,Pivots: 0 Axles: 5
31321,28680,19870,26519,13,12,67,12,17,2,8,Pivots: 2 Axles: 5
38484,24852,25044,34222,21,21,37,2,6,12,11,Pivots: 0 Axles: 5
40833,16315,29045,34099,14,30,35,10,13,5,11,Pivots: 2 Axles: 5
32956,16186,22213,38254,47,28,43,9,2,1,9,Pivots: 2 Axles: 4
37191,23837,18744,38538,44,30,61,18,1,8,2,Pivots: 1 Axles: 4
22048,26642,15234,31130,20,18,66,15,1,13,2,Pivots: 2 Axles: 5
39793,15296,24355,45483,38,27,60,7,18,6,5,Pivots: 2 Axles: 5
45881,20422,21890,17507,30,17,48,1,15,6,18,Pivots: 2 Axles: 3
27788,25954,25409,32671,20,27,79,0,19,9,6,Pivots: 2 Axles: 5
49898,25000,29083,33512,27,14,59,13,5,3,20,Pivots: 2 Axles: 4
22385,20225,26306,18839,48,21,57,13,12,7,7,Pivots: 2 Axles: 5
49732,15500,28610,25919,33,25,57,8,0,4,7,Pivots: 2 Axles: 5
22153,23998,15613,34513,30,21,41,17,15,2,10,Pivots: 2 Axles: 3
49024,29376,28695,19596,42,14,74,12,6,11,2,Pivots: 2 Axles: 5
32732,19445,25647,27594,42,20,57,0,14,2,11,Pivots: 1 Axles: 3
49076,26966,22562,24324,41,18,88,20,17,4,4,Pivots: 2 Axles: 3
30386,19929,23377,41184,42,13,44,13,5,8,6,Pivots: 1 Axles: 5
36856,17326,27442,19212,27,15,61,11,19,13,13,Pivots: 2 Axles: 5
26641,20193,29540,16274,33,20,73,11,11,19,0,Pivots: 0 Axles: 5
44370,19294,28912,31973,23,12,56,4,6,7,17,Pivots: 0 Axles: 3
28961,29121,19843,46205,24,29,57,19,11,19,20,Pivots: 0 Axles: 3
21703,28003,23415,41857,27,26,30,19,0,3,18,Pivots: 2 Axles: 4
37373,24605,25427,46781,20,24,37,0,8,7,17,Pivots: 2 Axles: 5
29534,24656,27882,41307,30,21,80,4,1,1,14,Pivots: 2 Axles: 4
23855,17223,26131,32472,41,13,81,6,11,19,7,Pivots: 2 Axles: 5
35757,17634,18188,21840,29,30,38,8,4,0,3,Pivots: 2 Axles: 4
32250,16699,18896,20383,26,17,69,5,8,6,0,Pivots: 1 Axles: 4
27636,29778,23879,32682,28,24,65,10,20,13,19,Pivots: 2 Axles: 5
33526,17223,24014,46140,15,14,80,0,5,12,8,Pivots: 0 Axles: 4
44263,18352,29412,17097,32,20,39,0,1,14,20,Pivots: 1 Axles: 5
21712,18683,20393,43765,20,29,71,3,1,10,8,Pivots: 2 Axles: 5
24257,29771,21596,37433,46,13,44,0,20,2,16,Pivots: 0 Axles: 5
22732,23613,21970,28690,34,24,46,9,4,19,3,Pivots: 2 Axles: 5
37150,19292,17128,45798,43,21,53,11,7,16,15,Pivots: 0 Axles: 5
22758,23355,20630,42224,47,20,47,20,4,13,20,Pivots: 2 Axles: 3
38277,15172,19919,36772,47,26,34,9,13,9,1,Pivots: 2 Axles: 5
37271,28547,21382,21198,41,27,82,15,13,20,7,Pivots: 2 Axles: 5
33639,25105,15733,18288,27,20,74,9,2,8,7,Pivots: 0 Axles: 4
47257,19846,16608,42272,44,21,69,11,17,10,13,Pivots: 2 Axles: 4
48476,15994,24405,31179,37,15,78,6,1,11,11,Pivots: 0 Axles: 4
35367,15741,18746,34365,45,20,30,14,4,15,20,Pivots: 2 Axles: 5
22012,26843,18731,49998,29,23,36,19,15,8,19,Pivots: 2 Axles: 5
31474,22228,18002,46890,45,24,57,12,20,13,5,Pivots: 0 Axles: 3
34893,21822,24172,46460,48,18,86,9,0,19,14,Pivots: 1 Axles: 5
45875,23165,26203,28669,35,12,39,16,4,6,14,Pivots: 0 Axles: 4
42205,17825,27013,44259,19,29,87,19,6,12,7,Pivots: 1 Axles: 4
41378,24613,24217,24994,33,13,43,13,2,12,8,Pivots: 1 Axles: 5
34479,22374,23377,29437,19,17,72,8,5,16,13,Pivots: 0 Axles: 4
41236,22212,16705,19023,32,21,64,4,6,12,4,Pivots: 1 Axles: 3
40690,27158,25307,19733,37,19,53,3,20,11,19,Pivots: 1 Axles: 3
34471,22014,16488,42646,27,13,50,0,0,5,8,Pivots: 2 Axles: 5
24596,25554,24839,36441,32,23,80,0,0,5,1,Pivots: 1 Axles: 5
21857,22600,20364,19457,12,24,67,19,20,17,13,Pivots: 1 Axles: 4
34230,27246,16769,35382,24,18,52,10,6,19,15,Pivots: 1 Axles: 5
47403,24441,24548,27984,41,25,35,7,13,16,19,Pivots: 0 Axles: 3
41384,23014,22952,42608,17,25,63,8,10,13,1,Pivots: 2 Axles: 4
35253,15926,18685,33084,30,16,87,7,1,17,7,Pivots: 1 Axles: 3
49539,27200,23030,41979,41,30,39,12,13,10,11,Pivots: 0 Axles: 5
21355,18915,25410,42954,34,22,70,8,4,3,0,Pivots: 1 Axles: 5
41664,15622,27841,36885,19,27,84,15,9,9,11,Pivots: 1 Axles: 4
20390,23280,15588,40211,40,12,68,11,16,7,8,Pivots: 2 Axles: 5
24360,29680,21667,36370,12,14,83,5,5,0,13,Pivots: 2 Axles: 4
23416,23563,18169,49530,17,20,82,10,5,0,12,Pivots: 0 Axles: 5
36299,21358,19025,19732,35,20,89,1,8,7,5,Pivots: 0 Axles: 5
31675,16578,20108,24041,30,29,73,13,9,11,9,Pivots: 1 Axles: 3
39294,19005,21971,22885,31,19,83,4,18,19,0,Pivots: 1 Axles: 5
47907,22304,28358,37381,35,25,62,2,5,12,6,Pivots: 0 Axles: 4
31300,29892,17188,41502,28,19,52,6,14,4,4,Pivots: 0 Axles: 4
28493,15937,24740,25597,36,25,67,9,9,4,13,Pivots: 0 Axles: 4
41481,29871,22572,42471,35,12,74,8,0,19,9,Pivots: 2 Axles: 5
22096,26798,20597,21189,17,21,84,5,16,9,15,Pivots: 0 Axles: 5
22026,23909,23102,44383,39,28,51,10,20,0,11,Pivots: 0 Axles: 5
30475,29877,16505,21464,26,22,46,5,19,14,0,Pivots: 0 Axles: 4
39875,17526,23361,28749,40,21,50,8,14,10,6,Pivots: 2 Axles: 3
28717,15205,26815,23951,47,19,72,11,17,0,10,Pivots: 1 Axles: 3
21752,17897,27589,30024,47,14,37,7,1,8,11,Pivots: 2 Axles: 4
30627,29541,15476,44175,40,22,44,20,11,19,0,Pivots: 2 Axles: 4
44450,24911,27791,43261,49,23,56,5,16,18,7,Pivots: 2 Axles: 5
28154,29893,16584,20659,28,18,44,1,9,9,4,Pivots: 2 Axles: 4
22154,27391,24778,16646,31,14,87,9,11,20,7,Pivots: 1 Axles: 5
36164,28219,26481,26664,36,20,86,20,17,9,8,Pivots: 0 Axles: 5
28911,23888,16485,16723,22,14,44,19,14,12,18,Pivots: 0 Axles: 5
49790,28094,23674,33042,17,23,64,9,13,10,8,Pivots: 2 Axles: 4
28095,16156,16301,28738,49,24,83,0,7,6,12,Pivots: 2 Axles: 5
48804,28539,15732,39321,18,12,66,11,9,4,6,Pivots: 1 Axles: 3
47158,22297,19924,36432,47,14,38,5,3,19,16,Pivots: 2 Axles: 5
20129,24910,24952,44502,49,30,39,1,19,17,14,Pivots: 2 Axles: 3
20573,18489,28679,25154,26,28,79,15,5,7,0,Pivots: 2 Axles: 3
29944,23462,23638,42147,29,29,75,9,10,16,16,Pivots: 2 Axles: 5
21026,17728,24241,26141,17,14,87,19,11,6,10,Pivots: 1 Axles: 5
29166,17721,24973,29597,13,22,48,17,13,16,17,Pivots: 2 Axles: 5
28521,29289,20180,31266,33,25,64,12,15,1,1,Pivots: 2 Axles: 5
45673,24780,17075,45469,13,16,68,12,11,17,3,Pivots: 0 Axles: 5
28128,18145,17554,39748,29,13,51,19,4,11,7,Pivots: 2 Axles: 5
42558,17538,22584,39544,19,30,63,4,5,7,4,Pivots: 2 Axles: 4
20459,15737,15444,29972,31,18,49,8,6,0,12,Pivots: 1 Axles: 5
32235,21238,18969,24830,31,20,87,6,16,19,20,Pivots: 1 Axles: 3
21034,15806,19791,38123,39,30,39,18,13,3,20,Pivots: 2 Axles: 4
23439,22583,19433,40445,22,13,53,14,6,13,18,Pivots: 2 Axles: 3
22815,27790,22732,48261,27,16,33,14,0,15,11,Pivots: 2 Axles: 3
28060,20168,19991,23851,32,17,59,13,16,13,3,Pivots: 0 Axles: 3
27556,23308,24357,18188,24,18,32,13,19,19,8,Pivots: 0 Axles: 5
20848,29385,28178,30981,26,14,71,19,20,9,16,Pivots: 2 Axles: 3
41704,18655,28994,34757,13,21,57,0,0,13,20,Pivots: 2 Axles: 5
49389,16642,18226,29913,41,13,70,18,20,5,1,Pivots: 1 Axles: 5
47567,16956,29267,22727,42,16,60,17,0,8,7,Pivots: 2 Axles: 5
22573,22474,15012,18082,16,12,80,8,7,16,14,Pivots: 0 Axles: 5
47479,16627,23985,44016,14,16,70,12,14,12,16,Pivots: 2 Axles: 4
47814,16696,19807,30175,40,23,51,18,17,17,10,Pivots: 1 Axles: 4
39659,23068,29374,39446,46,16,58,1,11,8,15,Pivots: 2 Axles: 3
35739,28422,29348,31434,24,19,46,0,20,10,1,Pivots: 1 Axles: 5
41999,21626,28122,28951,19,17,66,14,10,13,6,Pivots: 0 Axles: 3
41922,18999,18463,41593,20,26,62,19,11,16,11,Pivots: 1 Axles: 3
42862,22887,28890,21264,48,22,63,15,13,4,8,Pivots: 1 Axles: 5
41071,22379,27912,21933,36,12,42,14,2,2,2,Pivots: 0 Axles: 3
35180,19022,20379,43902,46,29,78,1,18,16,12,Pivots: 2 Axles: 4
28523,17784,19427,21548,21,20,34,20,10,2,11,Pivots: 1 Axles: 3
42007,26690,29994,34680,30,18,75,13,2,0,17,Pivots: 2 Axles: 3
27049,25030,18522,36650,47,29,54,15,10,14,13,Pivots: 2 Axles: 5
48137,21862,16810,38934,15,12,42,14,2,17,4,Pivots: 1 Axles: 4
34205,18091,24857,23763,32,13,42,10,0,11,17,Pivots: 2 Axles: 3
35969,29276,21328,30512,14,18,37,5,13,2,14,Pivots: 1 Axles: 5
26201,22618,22823,27303,17,22,86,5,9,20,9,Pivots: 1 Axles: 4
27103,22290,17211,38435,27,14,51,5,19,8,8,Pivots: 0 Axles: 4
31239,17538,25920,31663,21,24,54,18,11,11,10,Pivots: 2 Axles: 4
20893,25589,20405,19610,19,24,65,6,20,16,19,Pivots: 2 Axles: 5
45944,17388,20593,34867,31,13,44,3,11,15,13,Pivots: 0 Axles: 3
34367,20616,28360,22343,49,29,31,3,4,8,18,Pivots: 1 Axles: 3
37182,15153,19760,32225,13,19,89,3,3,6,12,Pivots: 1 Axles: 5
48772,22457,18684,25987,41,26,63,4,5,14,15,Pivots: 2 Axles: 4
44005,22645,18968,37764,30,26,84,0,17,1,8,Pivots: 2 Axles: 4
23538,25069,22147,49350,13,21,79,3,18,13,0,Pivots: 2 Axles: 3
34251,24439,21656,41333,35,12,50,0,15,17,12,Pivots: 2 Axles: 3
31866,24649,28268,22848,48,17,74,3,2,19,18,Pivots: 1 Axles: 5
22062,18247,18681,35101,17,23,87,7,10,11,10,Pivots: 1 Axles: 3
44209,29387,29196,49234,38,29,63,16,1,12,6,Pivots: 2 Axles: 3
49277,29684,28089,16806,19,13,36,19,20,1,8,Pivots: 0 Axles: 5
34904,27479,25691,39381,24,15,35,3,5,18,20,Pivots: 2 Axles: 3
43726,21035,21544,30999,44,26,74,12,2,4,20,Pivots: 2 Axles: 5
30218,28345,26423,44591,33,27,60,3,18,12,4,Pivots: 2 Axles: 3
38878,29233,15434,27660,27,19,78,8,14,1,14,Pivots: 1 Axles: 5
38241,25672,21332,20446,50,12,48,19,20,19,5,Pivots: 1 Axles: 3
45082,16359,27311,48513,49,19,69,16,20,18,7,Pivots: 0 Axles: 5
31659,28561,21035,48638,20,14,67,1,14,10,4,Pivots: 1 Axles: 5
31357,15516,20084,42273,16,22,61,19,17,17,12,Pivots: 0 Axles: 4
32413,20711,21977,46439,13,27,74,17,0,2,4,Pivots: 1 Axles: 5
40646,23694,16060,48743,16,21,78,16,16,4,20,Pivots: 1 Axles: 5
32871,18171,27286,42962,30,18,78,7,18,9,15,Pivots: 2 Axles: 4
21173,26215,23982,32677,18,26,77,19,16,20,1,Pivots: 2 Axles: 4
33899,28359,16104,16002,23,25,88,18,0,1,5,Pivots: 2 Axles: 5
42031,18665,22300,48213,35,23,59,5,2,0,6,Pivots: 2 Axles: 3
35451,26713,15212,33492,25,18,89,12,9,13,7,Pivots: 2 Axles: 5
43949,29906,23935,36700,44,16,51,11,7,4,13,Pivots: 1 Axles: 5
32445,26455,27194,47597,36,15,69,6,13,3,15,Pivots: 0 Axles: 4
38381,17999,17765,40228,24,18,47,20,0,14,12,Pivots: 2 Axles: 4
43182,23570,24579,42291,17,25,41,9,14,5,6,Pivots: 2 Axles: 5
24341,20450,15849,21676,43,13,56,14,3,0,11,Pivots: 2 Axles: 3
30345,17579,27221,38874,41,13,81,20,1,9,0,Pivots: 2 Axles: 3
45906,20894,16030,33783,23,19,61,12,7,9,11,Pivots: 2 Axles: 3
29751,28811,15754,49226,19,13,50,6,7,0,15,Pivots: 2 Axles: 5
29279,27510,26806,40539,46,22,60,19,3,19,9,Pivots: 1 Axles: 4
29168,26728,23642,43336,38,29,44,17,20,19,3,Pivots: 0 Axles: 3
22722,16260,17962,39470,14,28,38,19,1,8,12,Pivots: 2 Axles: 5
25330,15047,23540,49247,34,29,53,15,13,8,0,Pivots: 0 Axles: 4
21780,19525,23017,36157,21,24,54,5,2,3,11,Pivots: 0 Axles: 5
46602,20320,25412,20639,31,18,81,17,14,9,4,Pivots: 1 Axles: 5
30999,17009,22029,16972,16,13,61,9,10,3,2,Pivots: 2 Axles: 3
41186,25619,26071,48372,19,23,82,11,15,8,1,Pivots: 0 Axles: 5
30494,15431,19290,46047,42,17,63,3,7,16,0,Pivots: 1 Axles: 5
37731,16969,24825,19754,46,16,31,15,5,8,8,Pivots: 2 Axles: 5
40640,30000,16979,31965,24,30,42,16,12,5,14,Pivots: 1 Axles: 5
29808,27847,23169,20118,15,26,78,17,5,17,15,Pivots: 2 Axles: 5
48190,20054,21722,24181,48,21,38,15,19,19,7,Pivots: 0 Axles: 5
29799,15859,19729,39536,34,23,32,13,13,9,12,Pivots: 0 Axles: 5
30032,15937,27435,29171,44,15,35,4,5,6,7,Pivots: 2 Axles: 4
38164,15490,22761,44892,41,24,56,2,17,0,17,Pivots: 2 Axles: 5
20917,25599,16710,35508,40,24,71,17,10,13,18,Pivots: 2 Axles: 5
47109,18870,23073,37567,12,19,39,17,7,9,12,Pivots: 0 Axles: 5
42745,23526,22562,26427,29,18,38,17,7,18,17,Pivots: 2 Axles: 4
30560,24829,23282,22478,46,17,75,9,1,2,17,Pivots: 2 Axles: 4
27916,20705,29332,36066,47,12,34,3,13,13,11,Pivots: 2 Axles: 3
43693,28448,28221,43819,23,22,81,3,7,3,10,Pivots: 2 Axles: 5
21551,27051,20616,31587,41,13,35,13,0,9,5,Pivots: 2 Axles: 5
41535,22202,16865,29485,44,29,32,10,12,12,17,Pivots: 2 Axles: 5
29713,18115,20681,33566,41,27,66,12,1,3,6,Pivots: 1 Axles: 4
45116,16862,15154,26218,44,13,58,20,4,12,11,Pivots: 2 Axles: 3
21979,18165,23086,42534,33,17,38,10,4,12,19,Pivots: 2 Axles: 4
45152,17028,26418,32939,25,24,55,4,15,6,18,Pivots: 1 Axles: 3
40389,20918,30000,42143,42,16,62,19,13,8,1,Pivots: 0 Axles: 5
44233,28257,17843,48860,42,29,45,10,9,0,13,Pivots: 1 Axles: 5
23485,20185,25203,32551,22,13,64,19,3,6,19,Pivots: 2 Axles: 5
42359,19550,29156,37641,29,28,82,12,4,15,20,Pivots: 0 Axles: 5
35749,21062,23549,33535,23,23,35,5,2,10,11,Pivots: 2 Axles: 5
47459,22304,27772,28940,36,26,70,19,12,7,4,Pivots: 1 Axles: 5
26927,22417,22069,31187,20,21,34,6,20,2,13,Pivots: 2 Axles: 3
44400,21104,16140,36247,35,13,44,17,14,11,7,Pivots: 2 Axles: 4
47663,24880,16718,30194,15,20,65,2,7,2,5,Pivots: 1 Axles: 5
21937,18912,20879,24583,42,27,74,8,4,4,0,Pivots: 2 Axles: 4
45889,15999,19162,33863,26,19,38,17,20,16,12,Pivots: 2 Axles: 4
23601,25589,27320,46487,22,14,50,8,0,19,14,Pivots: 2 Axles: 5
24368,21619,20032,46350,20,12,54,5,3,5,11,Pivots: 0 Axles: 5
23425,20531,20897,17169,40,15,35,8,16,8,20,Pivots: 0 Axles: 4
33631,19993,20394,42534,16,20,39,12,11,2,18,Pivots: 0 Axles: 5
38231,23483,25350,21182,30,27,86,19,11,2,6,Pivots: 0 Axles: 3
27018,22658,19854,36267,40,17,64,4,9,13,5,Pivots: 0 Axles: 5
33130,19521,19222,22561,15,25,61,4,18,18,18,Pivots: 2 Axles: 3
41897,26030,18676,19143,47,13,50,11,3,9,8,Pivots: 2 Axles: 5
49460,23033,24933,40319,39,22,64,3,16,2,16,Pivots: 2 Axles: 3
20853,29574,19969,28611,24,14,90,12,9,14,20,Pivots: 2 Axles: 3
29621,24049,29843,44049,22,25,46,8,20,7,19,Pivots: 2 Axles: 5
31921,15386,20301,21506,44,30,71,19,19,19,4,Pivots: 2 Axles: 5
48275,16236,19401,37721,33,24,66,9,10,4,3,Pivots: 0 Axles: 5
40807,22474,25955,18399,31,14,41,14,1,16,11,Pivots: 2 Axles: 5
43483,28477,17754,39226,28,28,34,5,16,1,12,Pivots: 2 Axles: 5
32680,24166,17983,24523,31,17,60,12,3,3,4,Pivots: 2 Axles: 4
27977,28369,26920,38107,41,25,72,10,18,4,15,Pivots: 2 Axles: 3
22259,27254,24701,27316,26,29,55,11,14,10,2,Pivots: 1 Axles: 5
35286,22346,26075,46153,37,17,33,18,11,3,13,Pivots: 1 Axles: 5
35799,26913,23995,44076,26,12,53,12,3,17,16,Pivots: 2 Axles: 5
48305,28456,24913,30088,28,26,80,14,19,19,4,Pivots: 1 Axles: 4
26639,25248,22345,28780,40,12,66,18,10,20,11,Pivots: 2 Axles: 5
46716,21460,20578,43125,15,26,65,20,17,15,18,Pivots: 0 Axles: 4
25280,18677,21350,32719,31,26,73,18,10,6,10,Pivots: 1 Axles: 3
23127,23035,26097,38180,33,27,83,18,6,12,3,Pivots: 1 Axles: 5
49931,25964,22227,26230,30,23,77,3,16,20,11,Pivots: 0 Axles: 4
46334,29599,16296,43293,25,28,85,3,9,4,13,Pivots: 0 Axles: 4
22170,27360,25107,34251,22,23,32,10,7,10,2,Pivots: 2 Axles: 3
26832,15727,24310,40794,40,23,47,11,9,15,15,Pivots: 2 Axles: 4
24543,18407,15493,19731,47,29,88,12,7,2,11,Pivots: 1 Axles: 3
47136,27136,19003,44150,12,12,32,10,16,17,3,Pivots: 2 Axles: 3
35728,20047,17809,25323,26,21,34,12,7,4,0,Pivots: 1 Axles: 3
30941,16787,19229,23281,32,18,81,7,11,10,0,Pivots: 2 Axles: 3
25563,26979,16807,34024,38,21,74,13,14,15,20,Pivots: 1 Axles: 4
41554,23816,28094,18650,20,25,66,7,9,14,15,Pivots: 1 Axles: 5
40775,15860,25780,39600,30,27,53,13,7,16,19,Pivots: 2 Axles: 5
40260,17495,24787,33433,29,29,73,17,5,10,4,Pivots: 2 Axles: 5
25827,15214,15667,18323,20,30,77,16,18,1,18,Pivots: 1 Axles: 3
38320,20518,21064,31224,47,19,77,1,9,15,18,Pivots: 1 Axles: 3
33870,27187,19491,17164,15,22,67,1,13,13,0,Pivots: 2 Axles: 4
21872,23779,18098,45972,32,20,73,1,8,18,11,Pivots: 1 Axles: 3
29803,28869,22890,36299,35,27,78,7,11,16,2,Pivots: 2 Axles: 3
47691,20720,23993,33750,25,16,89,6,6,10,12,Pivots: 2 Axles: 5
32563,25351,28794,37497,25,21,62,3,17,12,14,Pivots: 2 Axles: 3
48184,27126,15890,18128,20,16,68,18,20,9,15,Pivots: 2 Axles: 3
22990,26131,21312,33213,29,21,77,13,5,15,9,Pivots: 0 Axles: 5
45779,16974,27446,25431,31,20,41,10,2,2,9,Pivots: 2 Axles: 5
39475,17608,24846,23309,27,26,60,16,13,17,16,Pivots: 0 Axles: 5
27736,29193,26371,35387,39,14,82,6,9,3,6,Pivots: 1 Axles: 5
28534,26993,21632,37403,27,23,73,14,19,16,16,Pivots: 1 Axles: 5
20855,29696,17207,35969,38,30,47,5,2,20,18,Pivots: 0 Axles: 5
27318,25989,26304,25263,20,19,44,15,4,5,14,Pivots: 1 Axles: 3
49745,23490,22538,28683,43,14,85,5,12,6,11,Pivots: 2 Axles: 5
33202,27295,29042,30133,38,24,30,20,12,15,6,Pivots: 2 Axles: 5
48327,25988,17631,40872,49,25,51,4,19,14,8,Pivots: 0 Axles: 3
24732,26480,26598,34603,42,16,53,10,4,12,9,Pivots: 2 Axles: 5
23478,22693,16349,32348,50,27,31,6,5,2,15,Pivots: 2 Axles: 5
27968,28880,15331,31935,22,17,70,15,4,3,19,Pivots: 0 Axles: 5
48360,20725,25581,32308,32,21,73,6,13,14,3,Pivots: 2 Axles: 3
39186,26333,29946,46261,48,18,47,10,17,1,18,Pivots: 0 Axles: 5
47261,18629,19349,42502,20,23,67,9,12,10,14,Pivots: 0 Axles: 5
40073,22709,18199,49528,37,28,46,11,19,1,2,Pivots: 2 Axles: 5
43616,18701,28250,16996,46,23,69,20,15,2,6,Pivots: 0 Axles: 5
30440,29284,29534,17625,19,18,63,11,8,13,12,Pivots: 2 Axles: 4
39878,24045,25415,29445,44,30,80,1,0,8,10,Pivots: 0 Axles: 5
28303,29896,29679,33747,17,17,42,14,4,20,7,Pivots: 2 Axles: 5
20388,21347,20006,39139,27,25,67,16,15,13,7,Pivots: 2 Axles: 3
42900,22338,20499,16022,23,13,55,8,13,6,15,Pivots: 1 Axles: 5
43540,17478,18615,27016,27,16,84,3,1,14,13,Pivots: 2 Axles: 5
37186,28398,26115,31347,19,13,33,18,4,11,8,Pivots: 1 Axles: 5
20625,21442,24138,24999,42,19,41,1,12,6,18,Pivots: 2 Axles: 3
24276,16946,17647,38038,18,14,76,6,8,5,15,Pivots: 0 Axles: 5
38819,29491,27335,28459,47,26,39,5,0,0,3,Pivots: 1 Axles: 3
24150,20118,15756,39920,14,19,40,9,5,13,18,Pivots: 0 Axles: 3
30271,18648,16568,44708,49,29,74,11,18,4,13,Pivots: 2 Axles: 3
38457,27396,17457,33011,25,12,38,12,0,3,20,Pivots: 1 Axles: 3
38095,28415,27923,31300,22,24,55,1,18,5,12,Pivots: 2 Axles: 5
20927,20812,18643,17825,35,25,86,1,3,18,19,Pivots: 1 Axles: 3
25123,26976,26858,47275,42,13,47,10,1,1,13,Pivots: 2 Axles: 3
26224,28116,27350,39344,17,15,75,11,2,10,16,Pivots: 2 Axles: 3
39298,29486,27293,42402,24,30,57,12,17,6,7,Pivots: 2 Axles: 5
23059,29559,21038,37987,29,18,77,7,2,14,20,Pivots: 2 Axles: 5
32969,21210,23788,43939,24,21,57,15,16,1,8,Pivots: 0 Axles: 3
23688,22058,26473,23723,50,14,51,19,16,9,12,Pivots: 2 Axles: 5
20797,20257,23649,41794,25,24,42,0,8,1,13,Pivots: 2 Axles: 5
20164,16380,15023,46633,30,21,60,1,0,8,4,Pivots: 0 Axles: 5
30978,17836,15828,41432,39,19,56,16,4,3,20,Pivots: 0 Axles: 5
49080,25494,25567,27018,16,21,79,7,15,14,1,Pivots: 0 Axles: 3
29205,28713,17583,17719,12,29,57,3,1,8,18,Pivots: 2 Axles: 5
48864,27749,20502,41215,33,22,52,9,0,2,14,Pivots: 2 Axles: 4
34286,27304,19723,48739,49,24,44,17,15,10,11,Pivots: 2 Axles: 3
31402,16600,16638,42936,21,27,49,16,6,4,1,Pivots: 2 Axles: 5
38339,27092,18448,18882,44,22,74,4,4,9,10,Pivots: 1 Axles: 5
36355,19566,25864,44043,27,14,51,6,13,19,19,Pivots: 0 Axles: 4
43387,20095,24034,41017,37,22,40,4,17,19,11,Pivots: 0 Axles: 3
35376,24468,17428,15392,33,25,40,9,14,6,2,Pivots: 2 Axles: 4
34599,24596,28663,20871,28,20,63,6,15,19,3,Pivots: 0 Axles: 5
22131,17818,16307,19516,45,22,55,15,20,6,18,Pivots: 1 Axles: 4
37011,22164,22118,20933,45,20,74,3,13,0,19,Pivots: 0 Axles: 3
